[
  {
    "time": "2026-02-28T21:45:55.910072",
    "symbol": "BTCUSDT",
    "direction": "SHORT",
    "confidence": "LOW",
    "price": 65006.5,
    "entry": 65006.5,
    "sl": 66369.91,
    "sl_pct": 2.1,
    "tp1": 62940.16,
    "tp1_pct": 3.18,
    "tp2": 61562.6,
    "rr": 1.51,
    "d1_bias": "SHORT",
    "h4_bias": "SHORT",
    "score": 1
  },
  {
    "time": "2026-02-28T21:45:57.777367",
    "symbol": "ETHUSDT",
    "direction": "SHORT",
    "confidence": "LOW",
    "price": 1908.59,
    "entry": 1908.59,
    "sl": 1950.11,
    "sl_pct": 2.18,
    "tp1": 1830.97,
    "tp1_pct": 4.07,
    "tp2": 1779.22,
    "rr": 1.87,
    "d1_bias": "SHORT",
    "h4_bias": "SHORT",
    "score": 1
  },
  {
    "time": "2026-02-28T21:45:59.642900",
    "symbol": "ARBUSDT",
    "direction": "SHORT",
    "confidence": "LOW",
    "price": 0.0946,
    "entry": 0.0946,
    "sl": 0.09838,
    "sl_pct": 4.0,
    "tp1": 0.08881,
    "tp1_pct": 6.12,
    "tp2": 0.08496,
    "rr": 1.53,
    "d1_bias": "SHORT",
    "h4_bias": "SHORT",
    "score": 1
  },
  {
    "time": "2026-02-28T22:07:42.662123",
    "symbol": "BTCUSDT",
    "direction": "SHORT",
    "confidence": "LOW",
    "price": 64527.03,
    "entry": 64527.03,
    "sl": 66381.3,
    "sl_pct": 2.87,
    "tp1": 62392.37,
    "tp1_pct": 3.31,
    "tp2": 60969.27,
    "rr": 1.15,
    "d1_bias": "SHORT",
    "h4_bias": "SHORT",
    "score": 1
  },
  {
    "time": "2026-02-28T22:07:44.585082",
    "symbol": "ETHUSDT",
    "direction": "SHORT",
    "confidence": "LOW",
    "price": 1893.6,
    "entry": 1893.6,
    "sl": 1950.01,
    "sl_pct": 2.98,
    "tp1": 1816.57,
    "tp1_pct": 4.07,
    "tp2": 1765.21,
    "rr": 1.37,
    "d1_bias": "SHORT",
    "h4_bias": "SHORT",
    "score": 1
  },
  {
    "time": "2026-02-28T22:07:46.456128",
    "symbol": "ARBUSDT",
    "direction": "SHORT",
    "confidence": "LOW",
    "price": 0.0934,
    "entry": 0.0934,
    "sl": 0.09714,
    "sl_pct": 4.0,
    "tp1": 0.08774,
    "tp1_pct": 6.06,
    "tp2": 0.08397,
    "rr": 1.51,
    "d1_bias": "SHORT",
    "h4_bias": "SHORT",
    "score": 1
  },
  {
    "time": "2026-02-28T22:07:48.916823",
    "symbol": "KITEUSDT",
    "direction": "LONG",
    "confidence": "HIGH",
    "price": 0.2553,
    "entry": 0.2553,
    "sl": 0.24509,
    "sl_pct": 4.0,
    "tp1": 0.27799,
    "tp1_pct": 8.89,
    "tp2": 0.29312,
    "rr": 2.22,
    "d1_bias": "LONG",
    "h4_bias": "LONG",
    "score": 5
  },
  {
    "time": "2026-02-28T22:07:52.769964",
    "symbol": "HUSDT",
    "direction": "SHORT",
    "confidence": "HIGH",
    "price": 0.11462,
    "entry": 0.11462,
    "sl": 0.1192,
    "sl_pct": 4.0,
    "tp1": 0.10427,
    "tp1_pct": 9.03,
    "tp2": 0.09736,
    "rr": 2.26,
    "d1_bias": "SHORT",
    "h4_bias": "SHORT",
    "score": 4
  },
  {
    "time": "2026-02-28T22:22:56.483646",
    "symbol": "BTCUSDT",
    "direction": "SHORT",
    "confidence": "LOW",
    "price": 64458.89,
    "entry": 64458.89,
    "sl": 66389.21,
    "sl_pct": 2.99,
    "tp1": 62276.77,
    "tp1_pct": 3.39,
    "tp2": 60822.02,
    "rr": 1.13,
    "d1_bias": "SHORT",
    "h4_bias": "SHORT",
    "score": 1
  },
  {
    "time": "2026-02-28T22:22:58.528818",
    "symbol": "ETHUSDT",
    "direction": "SHORT",
    "confidence": "LOW",
    "price": 1883.02,
    "entry": 1883.02,
    "sl": 1950.51,
    "sl_pct": 3.58,
    "tp1": 1803.0,
    "tp1_pct": 4.25,
    "tp2": 1749.66,
    "rr": 1.19,
    "d1_bias": "SHORT",
    "h4_bias": "SHORT",
    "score": 1
  },
  {
    "time": "2026-02-28T22:23:00.436723",
    "symbol": "ARBUSDT",
    "direction": "SHORT",
    "confidence": "LOW",
    "price": 0.0927,
    "entry": 0.0927,
    "sl": 0.09641,
    "sl_pct": 4.0,
    "tp1": 0.08689,
    "tp1_pct": 6.27,
    "tp2": 0.08302,
    "rr": 1.57,
    "d1_bias": "SHORT",
    "h4_bias": "SHORT",
    "score": 1
  },
  {
    "time": "2026-02-28T22:23:05.253036",
    "symbol": "HUSDT",
    "direction": "SHORT",
    "confidence": "HIGH",
    "price": 0.11376,
    "entry": 0.11376,
    "sl": 0.11831,
    "sl_pct": 4.0,
    "tp1": 0.10329,
    "tp1_pct": 9.2,
    "tp2": 0.0963,
    "rr": 2.3,
    "d1_bias": "SHORT",
    "h4_bias": "SHORT",
    "score": 4
  },
  {
    "time": "2026-02-28T22:40:59.251222",
    "symbol": "BTCUSDT",
    "direction": "SHORT",
    "confidence": "LOW",
    "price": 64835.65,
    "entry": 64835.65,
    "sl": 66404.34,
    "sl_pct": 2.42,
    "tp1": 62562.73,
    "tp1_pct": 3.51,
    "tp2": 61047.46,
    "rr": 1.45,
    "d1_bias": "SHORT",
    "h4_bias": "SHORT",
    "score": 1
  },
  {
    "time": "2026-02-28T22:41:01.355063",
    "symbol": "ETHUSDT",
    "direction": "SHORT",
    "confidence": "LOW",
    "price": 1896.2,
    "entry": 1896.2,
    "sl": 1950.82,
    "sl_pct": 2.88,
    "tp1": 1814.28,
    "tp1_pct": 4.32,
    "tp2": 1759.66,
    "rr": 1.5,
    "d1_bias": "SHORT",
    "h4_bias": "SHORT",
    "score": 1
  },
  {
    "time": "2026-02-28T22:41:03.282177",
    "symbol": "ARBUSDT",
    "direction": "SHORT",
    "confidence": "LOW",
    "price": 0.0934,
    "entry": 0.0934,
    "sl": 0.09714,
    "sl_pct": 4.0,
    "tp1": 0.08757,
    "tp1_pct": 6.24,
    "tp2": 0.08369,
    "rr": 1.56,
    "d1_bias": "SHORT",
    "h4_bias": "SHORT",
    "score": 1
  },
  {
    "time": "2026-02-28T23:06:40.459153",
    "symbol": "BTCUSDT",
    "direction": "SHORT",
    "confidence": "LOW",
    "price": 64723.15,
    "entry": 64723.15,
    "sl": 66400.86,
    "sl_pct": 2.59,
    "tp1": 62471.14,
    "tp1_pct": 3.48,
    "tp2": 60969.79,
    "rr": 1.34,
    "d1_bias": "SHORT",
    "h4_bias": "SHORT",
    "score": 1
  },
  {
    "time": "2026-02-28T23:06:42.675795",
    "symbol": "ETHUSDT",
    "direction": "SHORT",
    "confidence": "LOW",
    "price": 1894.72,
    "entry": 1894.72,
    "sl": 1950.73,
    "sl_pct": 2.96,
    "tp1": 1813.39,
    "tp1_pct": 4.29,
    "tp2": 1759.17,
    "rr": 1.45,
    "d1_bias": "SHORT",
    "h4_bias": "SHORT",
    "score": 1
  },
  {
    "time": "2026-02-28T23:06:47.629356",
    "symbol": "ARBUSDT",
    "direction": "SHORT",
    "confidence": "LOW",
    "price": 0.0932,
    "entry": 0.0932,
    "sl": 0.09693,
    "sl_pct": 4.0,
    "tp1": 0.0875,
    "tp1_pct": 6.12,
    "tp2": 0.0837,
    "rr": 1.53,
    "d1_bias": "SHORT",
    "h4_bias": "SHORT",
    "score": 1
  },
  {
    "time": "2026-02-28T23:06:52.155373",
    "symbol": "KITEUSDT",
    "direction": "LONG",
    "confidence": "MEDIUM",
    "price": 0.2563,
    "entry": 0.2563,
    "sl": 0.24605,
    "sl_pct": 4.0,
    "tp1": 0.27895,
    "tp1_pct": 8.84,
    "tp2": 0.29405,
    "rr": 2.21,
    "d1_bias": "LONG",
    "h4_bias": "LONG",
    "score": 3
  },
  {
    "time": "2026-02-28T23:06:57.832436",
    "symbol": "HUSDT",
    "direction": "SHORT",
    "confidence": "MEDIUM",
    "price": 0.11616,
    "entry": 0.11616,
    "sl": 0.12081,
    "sl_pct": 4.0,
    "tp1": 0.10611,
    "tp1_pct": 8.65,
    "tp2": 0.09941,
    "rr": 2.16,
    "d1_bias": "SHORT",
    "h4_bias": "SHORT",
    "score": 3
  },
  {
    "time": "2026-02-28T23:07:14.926598",
    "symbol": "GUAUSDT",
    "direction": "LONG",
    "confidence": "HIGH",
    "price": 0.21666,
    "entry": 0.21666,
    "sl": 0.20799,
    "sl_pct": 4.0,
    "tp1": 0.22958,
    "tp1_pct": 5.96,
    "tp2": 0.2382,
    "rr": 1.49,
    "d1_bias": "LONG",
    "h4_bias": "LONG",
    "score": 6
  },
  {
    "time": "2026-02-28T23:10:05.560968",
    "symbol": "KITEUSDT",
    "direction": "LONG",
    "confidence": "MEDIUM",
    "price": 0.2566,
    "entry": 0.2566,
    "sl": 0.24634,
    "sl_pct": 4.0,
    "tp1": 0.27925,
    "tp1_pct": 8.83,
    "tp2": 0.29435,
    "rr": 2.21,
    "d1_bias": "LONG",
    "h4_bias": "LONG",
    "score": 3
  },
  {
    "time": "2026-02-28T23:10:09.399929",
    "symbol": "HUSDT",
    "direction": "SHORT",
    "confidence": "MEDIUM",
    "price": 0.1161,
    "entry": 0.1161,
    "sl": 0.12074,
    "sl_pct": 4.0,
    "tp1": 0.10605,
    "tp1_pct": 8.66,
    "tp2": 0.09935,
    "rr": 2.17,
    "d1_bias": "SHORT",
    "h4_bias": "SHORT",
    "score": 3
  },
  {
    "time": "2026-02-28T23:10:13.271577",
    "symbol": "GUAUSDT",
    "direction": "LONG",
    "confidence": "HIGH",
    "price": 0.21681,
    "entry": 0.21681,
    "sl": 0.20814,
    "sl_pct": 4.0,
    "tp1": 0.2299,
    "tp1_pct": 6.04,
    "tp2": 0.23864,
    "rr": 1.51,
    "d1_bias": "LONG",
    "h4_bias": "LONG",
    "score": 6
  },
  {
    "time": "2026-02-28T23:14:17.762092",
    "symbol": "KITEUSDT",
    "direction": "LONG",
    "confidence": "MEDIUM",
    "price": 0.2551,
    "entry": 0.2551,
    "sl": 0.2449,
    "sl_pct": 4.0,
    "tp1": 0.27779,
    "tp1_pct": 8.89,
    "tp2": 0.29292,
    "rr": 2.22,
    "d1_bias": "LONG",
    "h4_bias": "LONG",
    "score": 3
  },
  {
    "time": "2026-02-28T23:14:21.790803",
    "symbol": "HUSDT",
    "direction": "SHORT",
    "confidence": "MEDIUM",
    "price": 0.11622,
    "entry": 0.11622,
    "sl": 0.12087,
    "sl_pct": 4.0,
    "tp1": 0.10617,
    "tp1_pct": 8.65,
    "tp2": 0.09947,
    "rr": 2.16,
    "d1_bias": "SHORT",
    "h4_bias": "SHORT",
    "score": 3
  },
  {
    "time": "2026-02-28T23:14:27.936457",
    "symbol": "GUAUSDT",
    "direction": "LONG",
    "confidence": "HIGH",
    "price": 0.21645,
    "entry": 0.21645,
    "sl": 0.20779,
    "sl_pct": 4.0,
    "tp1": 0.22954,
    "tp1_pct": 6.05,
    "tp2": 0.23828,
    "rr": 1.51,
    "d1_bias": "LONG",
    "h4_bias": "LONG",
    "score": 6
  },
  {
    "time": "2026-02-28T23:29:37.357889",
    "symbol": "KITEUSDT",
    "direction": "LONG",
    "confidence": "HIGH",
    "price": 0.2569,
    "entry": 0.2569,
    "sl": 0.24662,
    "sl_pct": 4.0,
    "tp1": 0.28002,
    "tp1_pct": 9.0,
    "tp2": 0.29544,
    "rr": 2.25,
    "d1_bias": "LONG",
    "h4_bias": "LONG",
    "score": 4
  },
  {
    "time": "2026-02-28T23:29:45.607955",
    "symbol": "GUAUSDT",
    "direction": "LONG",
    "confidence": "HIGH",
    "price": 0.21613,
    "entry": 0.21613,
    "sl": 0.20748,
    "sl_pct": 4.0,
    "tp1": 0.22922,
    "tp1_pct": 6.06,
    "tp2": 0.23795,
    "rr": 1.51,
    "d1_bias": "LONG",
    "h4_bias": "LONG",
    "score": 6
  },
  {
    "time": "2026-02-28T23:46:47.037790",
    "symbol": "KITEUSDT",
    "direction": "LONG",
    "confidence": "HIGH",
    "price": 0.262,
    "entry": 0.262,
    "sl": 0.25152,
    "sl_pct": 4.0,
    "tp1": 0.28619,
    "tp1_pct": 9.23,
    "tp2": 0.30232,
    "rr": 2.31,
    "d1_bias": "LONG",
    "h4_bias": "LONG",
    "score": 4
  },
  {
    "time": "2026-02-28T23:46:58.519694",
    "symbol": "GUAUSDT",
    "direction": "LONG",
    "confidence": "HIGH",
    "price": 0.21591,
    "entry": 0.21591,
    "sl": 0.20727,
    "sl_pct": 4.0,
    "tp1": 0.2291,
    "tp1_pct": 6.11,
    "tp2": 0.2379,
    "rr": 1.53,
    "d1_bias": "LONG",
    "h4_bias": "LONG",
    "score": 6
  },
  {
    "time": "2026-03-01T00:02:10.272351",
    "symbol": "KITEUSDT",
    "direction": "LONG",
    "confidence": "HIGH",
    "price": 0.2611,
    "entry": 0.2611,
    "sl": 0.25066,
    "sl_pct": 4.0,
    "tp1": 0.28465,
    "tp1_pct": 9.02,
    "tp2": 0.30035,
    "rr": 2.25,
    "d1_bias": "LONG",
    "h4_bias": "LONG",
    "score": 4
  },
  {
    "time": "2026-03-01T00:02:18.321501",
    "symbol": "GUAUSDT",
    "direction": "LONG",
    "confidence": "HIGH",
    "price": 0.21556,
    "entry": 0.21556,
    "sl": 0.20694,
    "sl_pct": 4.0,
    "tp1": 0.22837,
    "tp1_pct": 5.94,
    "tp2": 0.23691,
    "rr": 1.49,
    "d1_bias": "LONG",
    "h4_bias": "LONG",
    "score": 6
  },
  {
    "time": "2026-03-01T00:17:28.727141",
    "symbol": "KITEUSDT",
    "direction": "LONG",
    "confidence": "HIGH",
    "price": 0.2598,
    "entry": 0.2598,
    "sl": 0.24941,
    "sl_pct": 4.0,
    "tp1": 0.28363,
    "tp1_pct": 9.17,
    "tp2": 0.29951,
    "rr": 2.29,
    "d1_bias": "LONG",
    "h4_bias": "LONG",
    "score": 4
  },
  {
    "time": "2026-03-01T00:17:32.591424",
    "symbol": "GUAUSDT",
    "direction": "LONG",
    "confidence": "HIGH",
    "price": 0.21458,
    "entry": 0.21458,
    "sl": 0.206,
    "sl_pct": 4.0,
    "tp1": 0.22761,
    "tp1_pct": 6.07,
    "tp2": 0.2363,
    "rr": 1.52,
    "d1_bias": "LONG",
    "h4_bias": "LONG",
    "score": 6
  },
  {
    "time": "2026-03-01T00:17:35.829160",
    "symbol": "ALLOUSDT",
    "direction": "LONG",
    "confidence": "HIGH",
    "price": 0.1073,
    "entry": 0.1073,
    "sl": 0.10301,
    "sl_pct": 4.0,
    "tp1": 0.1142,
    "tp1_pct": 6.43,
    "tp2": 0.1188,
    "rr": 1.61,
    "d1_bias": "LONG",
    "h4_bias": "LONG",
    "score": 5
  },
  {
    "time": "2026-03-01T07:55:20.811292",
    "symbol": "STABLEUSDT",
    "direction": "LONG",
    "confidence": "HIGH",
    "price": 0.03281,
    "entry": 0.03281,
    "sl": 0.03149,
    "sl_pct": 4.01,
    "tp1": 0.03518,
    "tp1_pct": 7.24,
    "tp2": 0.03676,
    "rr": 1.81,
    "d1_bias": "LONG",
    "h4_bias": "LONG",
    "score": 6,
    "verdict": "NO"
  },
  {
    "time": "2026-03-01T07:55:47.155556",
    "symbol": "STEEMUSDT",
    "direction": "LONG",
    "confidence": "HIGH",
    "price": 0.06606,
    "entry": 0.06606,
    "sl": 0.06342,
    "sl_pct": 4.0,
    "tp1": 0.07056,
    "tp1_pct": 6.81,
    "tp2": 0.07356,
    "rr": 1.7,
    "d1_bias": "LONG",
    "h4_bias": "LONG",
    "score": 6,
    "verdict": "WAIT"
  },
  {
    "time": "2026-03-01T07:59:34.874722",
    "symbol": "DEXEUSDT",
    "direction": "LONG",
    "confidence": "HIGH",
    "price": 3.42,
    "entry": 3.42,
    "sl": 3.283,
    "sl_pct": 4.01,
    "tp1": 3.625,
    "tp1_pct": 5.99,
    "tp2": 3.762,
    "rr": 1.49,
    "d1_bias": "LONG",
    "h4_bias": "LONG",
    "score": 6,
    "verdict": "NO"
  },
  {
    "time": "2026-03-01T07:57:30.208309",
    "symbol": "CCUSDT",
    "direction": "LONG",
    "confidence": "HIGH",
    "price": 0.16827,
    "entry": 0.16827,
    "sl": 0.16154,
    "sl_pct": 4.0,
    "tp1": 0.17529,
    "tp1_pct": 4.17,
    "tp2": 0.17996,
    "rr": 1.04,
    "d1_bias": "LONG",
    "h4_bias": "LONG",
    "score": 6,
    "verdict": "WAIT"
  },
  {
    "time": "2026-03-01T07:58:10.294296",
    "symbol": "AVNTUSDT",
    "direction": "SHORT",
    "confidence": "HIGH",
    "price": 0.1769,
    "entry": 0.1769,
    "sl": 0.18137,
    "sl_pct": 2.53,
    "tp1": 0.16749,
    "tp1_pct": 5.32,
    "tp2": 0.16122,
    "rr": 2.1,
    "d1_bias": "SHORT",
    "h4_bias": "SHORT",
    "score": 4,
    "verdict": "WAIT"
  },
  {
    "time": "2026-03-01T07:54:35.867296",
    "symbol": "ETCUSDT",
    "direction": "SHORT",
    "confidence": "HIGH",
    "price": 8.586,
    "entry": 8.586,
    "sl": 8.81,
    "sl_pct": 2.61,
    "tp1": 8.176,
    "tp1_pct": 4.78,
    "tp2": 7.903,
    "rr": 1.83,
    "d1_bias": "SHORT",
    "h4_bias": "SHORT",
    "score": 4,
    "verdict": "WAIT"
  },
  {
    "time": "2026-03-01T07:57:52.301442",
    "symbol": "ENSUSDT",
    "direction": "SHORT",
    "confidence": "HIGH",
    "price": 6.069,
    "entry": 6.069,
    "sl": 6.249,
    "sl_pct": 2.97,
    "tp1": 5.749,
    "tp1_pct": 5.27,
    "tp2": 5.535,
    "rr": 1.77,
    "d1_bias": "SHORT",
    "h4_bias": "SHORT",
    "score": 4,
    "verdict": "WAIT"
  },
  {
    "time": "2026-03-01T07:57:49.264232",
    "symbol": "ALLOUSDT",
    "direction": "LONG",
    "confidence": "HIGH",
    "price": 0.11093,
    "entry": 0.11093,
    "sl": 0.10649,
    "sl_pct": 4.0,
    "tp1": 0.11811,
    "tp1_pct": 6.47,
    "tp2": 0.12289,
    "rr": 1.62,
    "d1_bias": "LONG",
    "h4_bias": "LONG",
    "score": 4,
    "verdict": "WAIT"
  },
  {
    "time": "2026-03-01T07:58:44.900486",
    "symbol": "LIGHTUSDT",
    "direction": "SHORT",
    "confidence": "HIGH",
    "price": 0.1878,
    "entry": 0.1878,
    "sl": 0.19531,
    "sl_pct": 4.0,
    "tp1": 0.1764,
    "tp1_pct": 6.07,
    "tp2": 0.1688,
    "rr": 1.52,
    "d1_bias": "SHORT",
    "h4_bias": "SHORT",
    "score": 4,
    "verdict": "WAIT"
  },
  {
    "time": "2026-03-01T07:59:02.080647",
    "symbol": "ALTUSDT",
    "direction": "SHORT",
    "confidence": "HIGH",
    "price": 0.00733,
    "entry": 0.00733,
    "sl": 0.00761,
    "sl_pct": 3.82,
    "tp1": 0.006908,
    "tp1_pct": 5.76,
    "tp2": 0.006627,
    "rr": 1.51,
    "d1_bias": "SHORT",
    "h4_bias": "SHORT",
    "score": 4,
    "verdict": "NO"
  },
  {
    "time": "2026-03-01T07:55:29.746825",
    "symbol": "TONUSDT",
    "direction": "SHORT",
    "confidence": "HIGH",
    "price": 1.269,
    "entry": 1.269,
    "sl": 1.302,
    "sl_pct": 2.59,
    "tp1": 1.225,
    "tp1_pct": 3.47,
    "tp2": 1.196,
    "rr": 1.34,
    "d1_bias": "SHORT",
    "h4_bias": "SHORT",
    "score": 4,
    "verdict": "NO"
  },
  {
    "time": "2026-03-01T07:58:06.085668",
    "symbol": "YGGUSDT",
    "direction": "SHORT",
    "confidence": "HIGH",
    "price": 0.03782,
    "entry": 0.03782,
    "sl": 0.03933,
    "sl_pct": 3.99,
    "tp1": 0.03583,
    "tp1_pct": 5.26,
    "tp2": 0.0345,
    "rr": 1.32,
    "d1_bias": "SHORT",
    "h4_bias": "SHORT",
    "score": 4,
    "verdict": "NO"
  },
  {
    "time": "2026-03-01T07:58:42.801682",
    "symbol": "PARTIUSDT",
    "direction": "SHORT",
    "confidence": "HIGH",
    "price": 0.09539,
    "entry": 0.09539,
    "sl": 0.09921,
    "sl_pct": 4.0,
    "tp1": 0.09059,
    "tp1_pct": 5.03,
    "tp2": 0.08739,
    "rr": 1.26,
    "d1_bias": "SHORT",
    "h4_bias": "SHORT",
    "score": 4,
    "verdict": "NO"
  },
  {
    "time": "2026-03-01T08:09:00.901459",
    "symbol": "STEEMUSDT",
    "direction": "LONG",
    "confidence": "HIGH",
    "price": 0.06503,
    "entry": 0.06503,
    "sl": 0.06243,
    "sl_pct": 4.0,
    "tp1": 0.06989,
    "tp1_pct": 7.47,
    "tp2": 0.07314,
    "rr": 1.87,
    "d1_bias": "LONG",
    "h4_bias": "LONG",
    "score": 5,
    "verdict": "WAIT"
  },
  {
    "time": "2026-03-01T08:09:43.258118",
    "symbol": "GIGGLEUSDT",
    "direction": "SHORT",
    "confidence": "HIGH",
    "price": 25.71,
    "entry": 25.71,
    "sl": 26.454,
    "sl_pct": 2.89,
    "tp1": 24.249,
    "tp1_pct": 5.68,
    "tp2": 23.274,
    "rr": 1.97,
    "d1_bias": "SHORT",
    "h4_bias": "SHORT",
    "score": 4,
    "verdict": "WAIT"
  },
  {
    "time": "2026-03-01T08:09:50.699870",
    "symbol": "ORDIUSDT",
    "direction": "SHORT",
    "confidence": "HIGH",
    "price": 2.414,
    "entry": 2.414,
    "sl": 2.494,
    "sl_pct": 3.31,
    "tp1": 2.27,
    "tp1_pct": 5.97,
    "tp2": 2.174,
    "rr": 1.8,
    "d1_bias": "SHORT",
    "h4_bias": "SHORT",
    "score": 4,
    "verdict": "WAIT"
  },
  {
    "time": "2026-03-01T08:12:38.826626",
    "symbol": "IMXUSDT",
    "direction": "SHORT",
    "confidence": "HIGH",
    "price": 0.1626,
    "entry": 0.1626,
    "sl": 0.16861,
    "sl_pct": 3.7,
    "tp1": 0.15291,
    "tp1_pct": 5.96,
    "tp2": 0.14646,
    "rr": 1.61,
    "d1_bias": "SHORT",
    "h4_bias": "SHORT",
    "score": 4,
    "verdict": "WAIT"
  },
  {
    "time": "2026-03-01T08:12:12.637990",
    "symbol": "PLUMEUSDT",
    "direction": "SHORT",
    "confidence": "HIGH",
    "price": 0.00923,
    "entry": 0.00923,
    "sl": 0.009571,
    "sl_pct": 3.69,
    "tp1": 0.008684,
    "tp1_pct": 5.92,
    "tp2": 0.008319,
    "rr": 1.6,
    "d1_bias": "SHORT",
    "h4_bias": "SHORT",
    "score": 4,
    "verdict": "WAIT"
  },
  {
    "time": "2026-03-01T08:13:11.749922",
    "symbol": "BREVUSDT",
    "direction": "SHORT",
    "confidence": "HIGH",
    "price": 0.1328,
    "entry": 0.1328,
    "sl": 0.13811,
    "sl_pct": 4.0,
    "tp1": 0.12485,
    "tp1_pct": 5.99,
    "tp2": 0.11955,
    "rr": 1.5,
    "d1_bias": "SHORT",
    "h4_bias": "SHORT",
    "score": 4,
    "verdict": "WAIT"
  },
  {
    "time": "2026-03-01T08:11:58.536524",
    "symbol": "WUSDT",
    "direction": "SHORT",
    "confidence": "HIGH",
    "price": 0.01866,
    "entry": 0.01866,
    "sl": 0.01931,
    "sl_pct": 3.48,
    "tp1": 0.01769,
    "tp1_pct": 5.2,
    "tp2": 0.01705,
    "rr": 1.49,
    "d1_bias": "SHORT",
    "h4_bias": "SHORT",
    "score": 4,
    "verdict": "WAIT"
  },
  {
    "time": "2026-03-01T08:12:37.681298",
    "symbol": "IOTAUSDT",
    "direction": "SHORT",
    "confidence": "HIGH",
    "price": 0.0673,
    "entry": 0.0673,
    "sl": 0.06955,
    "sl_pct": 3.34,
    "tp1": 0.06402,
    "tp1_pct": 4.87,
    "tp2": 0.06184,
    "rr": 1.46,
    "d1_bias": "SHORT",
    "h4_bias": "SHORT",
    "score": 4,
    "verdict": "WAIT"
  },
  {
    "time": "2026-03-01T08:11:54.832409",
    "symbol": "GRTUSDT",
    "direction": "SHORT",
    "confidence": "HIGH",
    "price": 0.02593,
    "entry": 0.02593,
    "sl": 0.02681,
    "sl_pct": 3.39,
    "tp1": 0.02468,
    "tp1_pct": 4.82,
    "tp2": 0.02384,
    "rr": 1.42,
    "d1_bias": "SHORT",
    "h4_bias": "SHORT",
    "score": 4,
    "verdict": "WAIT"
  },
  {
    "time": "2026-03-01T08:11:20.922137",
    "symbol": "MEUSDT",
    "direction": "SHORT",
    "confidence": "HIGH",
    "price": 0.1168,
    "entry": 0.1168,
    "sl": 0.12121,
    "sl_pct": 3.78,
    "tp1": 0.11074,
    "tp1_pct": 5.19,
    "tp2": 0.10669,
    "rr": 1.37,
    "d1_bias": "SHORT",
    "h4_bias": "SHORT",
    "score": 4,
    "verdict": "WAIT"
  },
  {
    "time": "2026-03-01T08:10:27.526343",
    "symbol": "ZILUSDT",
    "direction": "SHORT",
    "confidence": "HIGH",
    "price": 0.0041,
    "entry": 0.0041,
    "sl": 0.004243,
    "sl_pct": 3.49,
    "tp1": 0.003905,
    "tp1_pct": 4.76,
    "tp2": 0.003775,
    "rr": 1.36,
    "d1_bias": "SHORT",
    "h4_bias": "SHORT",
    "score": 4,
    "verdict": "WAIT"
  }
]